Order,Dimension,TypeName,IndexInType,Statement
1,R,Realistic,1,"I enjoy repairing broken equipment."
2,R,Realistic,2,"I like working with tools and machinery."
3,R,Realistic,3,"I enjoy building or assembling things."
4,R,Realistic,4,"I prefer practical tasks over theoretical discussions."
5,R,Realistic,5,"I like working outdoors."
6,R,Realistic,6,"I enjoy operating vehicles or heavy equipment."
7,R,Realistic,7,"I am interested in construction projects."
8,R,Realistic,8,"I enjoy fixing electrical or mechanical problems."
9,R,Realistic,9,"I like working with plants, animals, or natural resources."
10,R,Realistic,10,"I prefer physical activities to office work."
11,I,Investigative,1,"I enjoy solving complex problems."
12,I,Investigative,2,"I like conducting experiments."
13,I,Investigative,3,"I enjoy learning about scientific discoveries."
14,I,Investigative,4,"I like analyzing information before making decisions."
15,I,Investigative,5,"I enjoy researching topics in depth."
16,I,Investigative,6,"I like finding patterns in data."
17,I,Investigative,7,"I enjoy mathematics and logical reasoning."
18,I,Investigative,8,"I am curious about how things work."
19,I,Investigative,9,"I enjoy investigating causes of problems."
20,I,Investigative,10,"I like studying subjects that require critical thinking."
21,A,Artistic,1,"I enjoy drawing, painting, or designing."
22,A,Artistic,2,"I like expressing myself creatively."
23,A,Artistic,3,"I enjoy writing stories, poems, or articles."
24,A,Artistic,4,"I like creating original ideas."
25,A,Artistic,5,"I enjoy performing music, dance, or theater."
26,A,Artistic,6,"I prefer flexible environments over strict rules."
27,A,Artistic,7,"I enjoy designing visual materials."
28,A,Artistic,8,"I like exploring different forms of art."
29,A,Artistic,9,"I enjoy imaginative activities."
30,A,Artistic,10,"I prefer creative projects to routine tasks."
31,S,Social,1,"I enjoy helping people solve their problems."
32,S,Social,2,"I like teaching others new skills."
33,S,Social,3,"I enjoy working in teams."
34,S,Social,4,"I like volunteering for community activities."
35,S,Social,5,"I enjoy listening to people's concerns."
36,S,Social,6,"I am interested in counseling or mentoring others."
37,S,Social,7,"I enjoy caring for people."
38,S,Social,8,"I like participating in group discussions."
39,S,Social,9,"I enjoy motivating others."
40,S,Social,10,"I prefer jobs that involve interacting with people."
41,E,Enterprising,1,"I enjoy leading a group."
42,E,Enterprising,2,"I like convincing others to support my ideas."
43,E,Enterprising,3,"I enjoy organizing projects and events."
44,E,Enterprising,4,"I like taking initiative in group situations."
45,E,Enterprising,5,"I enjoy setting goals and achieving them."
46,E,Enterprising,6,"I am interested in starting a business."
47,E,Enterprising,7,"I enjoy making decisions for a team."
48,E,Enterprising,8,"I like negotiating with others."
49,E,Enterprising,9,"I enjoy selling products or services."
50,E,Enterprising,10,"I am comfortable taking risks to achieve success."
51,C,Conventional,1,"I enjoy organizing files and records."
52,C,Conventional,2,"I like following established procedures."
53,C,Conventional,3,"I enjoy working with numbers and data."
54,C,Conventional,4,"I prefer clear instructions when completing tasks."
55,C,Conventional,5,"I enjoy planning schedules and timelines."
56,C,Conventional,6,"I like maintaining accurate records."
57,C,Conventional,7,"I enjoy administrative or office work."
58,C,Conventional,8,"I pay attention to details."
59,C,Conventional,9,"I enjoy tasks that require precision."
60,C,Conventional,10,"I prefer structured environments over unpredictable ones."
